{"cameraMode":{"drawMode":0,"name":"Shaded","section":"Shading Mode"},"sceneLighting":true,"audioPlay":false,"sceneViewState":{"showFog":true,"showMaterialUpdate":false,"showSkybox":true,"showFlares":true,"showImageEffects":true,"showParticleSystems":true},"in2DMode":false,"pivot":{"x":1.5419228076934815,"y":5.980647087097168,"z":11.733538627624512},"rotation":{"x":-0.0659436583518982,"y":-0.014966565184295178,"z":0.0009896225528791547,"w":-0.997710645198822},"size":29.013731002807618,"orthographic":false}