{"cameraMode":{"drawMode":0,"name":"Shaded","section":"Shading Mode"},"sceneLighting":true,"audioPlay":false,"sceneViewState":{"showFog":true,"showMaterialUpdate":false,"showSkybox":true,"showFlares":true,"showImageEffects":true,"showParticleSystems":true},"in2DMode":false,"pivot":{"x":1.113606333732605,"y":-0.017474472522735597,"z":7.7566423416137699},"rotation":{"x":-0.07732613384723664,"y":0.019489619880914689,"z":-0.0015106272185221315,"w":-0.9968142509460449},"size":5.745670318603516,"orthographic":false}