{"cameraMode":{"drawMode":0,"name":"Shaded","section":"Shading Mode"},"sceneLighting":true,"audioPlay":false,"sceneViewState":{"showFog":true,"showMaterialUpdate":false,"showSkybox":true,"showFlares":true,"showImageEffects":true,"showParticleSystems":true},"in2DMode":false,"pivot":{"x":-10.794299125671387,"y":-10.301568984985352,"z":48.134979248046878},"rotation":{"x":-0.17223581671714784,"y":0.05758962407708168,"z":-0.010087255388498307,"w":-0.9833191633224487},"size":74.51832580566406,"orthographic":false}