{"cameraMode":{"drawMode":0,"name":"Shaded","section":"Shading Mode"},"sceneLighting":true,"audioPlay":false,"sceneViewState":{"showFog":true,"showMaterialUpdate":false,"showSkybox":true,"showFlares":true,"showImageEffects":true,"showParticleSystems":true},"in2DMode":false,"pivot":{"x":-0.7630204558372498,"y":2.910259246826172,"z":0.1975116729736328},"rotation":{"x":-0.07193264365196228,"y":0.011968622915446759,"z":-0.0008632331737317145,"w":-0.9973373413085938},"size":11.282139778137207,"orthographic":false}