{"cameraMode":{"drawMode":0,"name":"Shaded","section":"Shading Mode"},"sceneLighting":true,"audioPlay":false,"sceneViewState":{"showFog":true,"showMaterialUpdate":false,"showSkybox":true,"showFlares":true,"showImageEffects":true,"showParticleSystems":true},"in2DMode":false,"pivot":{"x":0.20727133750915528,"y":0.6448118686676025,"z":7.27779483795166},"rotation":{"x":-0.05577823147177696,"y":-0.012881259433925152,"z":0.000719608215149492,"w":-0.9983598589897156},"size":5.401725769042969,"orthographic":false}