{"cameraMode":{"drawMode":0,"name":"Shaded","section":"Shading Mode"},"sceneLighting":true,"audioPlay":false,"sceneViewState":{"showFog":true,"showMaterialUpdate":false,"showSkybox":true,"showFlares":true,"showImageEffects":true,"showParticleSystems":true},"in2DMode":false,"pivot":{"x":-0.7442677021026611,"y":-0.339910089969635,"z":6.947708606719971},"rotation":{"x":0.35564619302749636,"y":-0.07419285178184509,"z":0.02833477221429348,"w":0.9312402606010437},"size":2.659250497817993,"orthographic":false}