{"cameraMode":{"drawMode":0,"name":"Shaded","section":"Shading Mode"},"sceneLighting":true,"audioPlay":false,"sceneViewState":{"showFog":true,"showMaterialUpdate":false,"showSkybox":true,"showFlares":true,"showImageEffects":true,"showParticleSystems":true},"in2DMode":false,"pivot":{"x":0.052628450095653537,"y":1.2910192012786866,"z":6.716918468475342},"rotation":{"x":0.03180550038814545,"y":-0.0030014486983418466,"z":0.00009563951607560739,"w":0.9994896054267883},"size":4.669586658477783,"orthographic":false}